/*
Navicat MySQL Data Transfer

Source Server         : localhost_3306
Source Server Version : 80018
Source Host           : localhost:3306
Source Database       : student

Target Server Type    : MYSQL
Target Server Version : 80018
File Encoding         : 65001

Date: 2020-06-06 11:13:26
*/

SET FOREIGN_KEY_CHECKS=0;

-- ----------------------------
-- Table structure for `class`
-- ----------------------------
DROP TABLE IF EXISTS `class`;
CREATE TABLE `class` (
  `class_name` varchar(40) COLLATE utf8mb4_general_ci NOT NULL,
  `grade` int(11) NOT NULL,
  `college` varchar(40) COLLATE utf8mb4_general_ci DEFAULT NULL,
  `amount` int(11) DEFAULT NULL,
  PRIMARY KEY (`class_name`,`grade`),
  KEY `class_name` (`class_name`),
  KEY `grade` (`grade`)
) ENGINE=InnoDB DEFAULT CHARSET=utf8mb4 COLLATE=utf8mb4_general_ci;

-- ----------------------------
-- Records of class
-- ----------------------------
INSERT INTO `class` VALUES ('物联网', '2018', '网安学院', '40');
INSERT INTO `class` VALUES ('计科一班', '2018', '计算机学院', '39');
INSERT INTO `class` VALUES ('计科二班', '2018', '计算机学院', '40');
INSERT INTO `class` VALUES ('计科卓越班', '2018', '计算机学院', '30');

-- ----------------------------
-- Table structure for `course`
-- ----------------------------
DROP TABLE IF EXISTS `course`;
CREATE TABLE `course` (
  `course_name` varchar(40) COLLATE utf8mb4_general_ci NOT NULL,
  `credit` int(11) DEFAULT NULL,
  PRIMARY KEY (`course_name`)
) ENGINE=InnoDB DEFAULT CHARSET=utf8mb4 COLLATE=utf8mb4_general_ci;

-- ----------------------------
-- Records of course
-- ----------------------------
INSERT INTO `course` VALUES ('C++', '4');
INSERT INTO `course` VALUES ('数字逻辑', '4');
INSERT INTO `course` VALUES ('数据库', '3');
INSERT INTO `course` VALUES ('算法导论', '4');
INSERT INTO `course` VALUES ('高数', '4');

-- ----------------------------
-- Table structure for `score`
-- ----------------------------
DROP TABLE IF EXISTS `score`;
CREATE TABLE `score` (
  `student_id` int(11) NOT NULL,
  `course_name` varchar(40) COLLATE utf8mb4_general_ci NOT NULL,
  `score` int(11) DEFAULT NULL,
  KEY `student_id` (`student_id`),
  KEY `course_name` (`course_name`),
  CONSTRAINT `course_name` FOREIGN KEY (`course_name`) REFERENCES `course` (`course_name`),
  CONSTRAINT `student_id` FOREIGN KEY (`student_id`) REFERENCES `student` (`id`)
) ENGINE=InnoDB DEFAULT CHARSET=utf8mb4 COLLATE=utf8mb4_general_ci;

-- ----------------------------
-- Records of score
-- ----------------------------
INSERT INTO `score` VALUES ('3', 'C++', '88');
INSERT INTO `score` VALUES ('4', 'C++', '89');
INSERT INTO `score` VALUES ('5', 'C++', '90');
INSERT INTO `score` VALUES ('6', 'C++', '91');
INSERT INTO `score` VALUES ('7', 'C++', '92');
INSERT INTO `score` VALUES ('8', 'C++', '93');
INSERT INTO `score` VALUES ('9', 'C++', '94');
INSERT INTO `score` VALUES ('10', 'C++', '95');
INSERT INTO `score` VALUES ('11', 'C++', '85');
INSERT INTO `score` VALUES ('12', 'C++', '86');
INSERT INTO `score` VALUES ('13', 'C++', '87');
INSERT INTO `score` VALUES ('14', 'C++', '88');
INSERT INTO `score` VALUES ('15', 'C++', '89');
INSERT INTO `score` VALUES ('16', 'C++', '90');
INSERT INTO `score` VALUES ('17', 'C++', '91');
INSERT INTO `score` VALUES ('18', 'C++', '92');
INSERT INTO `score` VALUES ('19', 'C++', '93');
INSERT INTO `score` VALUES ('20', 'C++', '94');
INSERT INTO `score` VALUES ('21', 'C++', '95');
INSERT INTO `score` VALUES ('22', 'C++', '85');
INSERT INTO `score` VALUES ('23', 'C++', '86');
INSERT INTO `score` VALUES ('24', 'C++', '87');
INSERT INTO `score` VALUES ('25', 'C++', '88');
INSERT INTO `score` VALUES ('26', 'C++', '89');
INSERT INTO `score` VALUES ('27', 'C++', '90');
INSERT INTO `score` VALUES ('28', 'C++', '91');
INSERT INTO `score` VALUES ('29', 'C++', '92');
INSERT INTO `score` VALUES ('30', 'C++', '93');
INSERT INTO `score` VALUES ('31', 'C++', '94');
INSERT INTO `score` VALUES ('32', 'C++', '95');
INSERT INTO `score` VALUES ('33', 'C++', '85');
INSERT INTO `score` VALUES ('34', 'C++', '86');
INSERT INTO `score` VALUES ('35', 'C++', '87');
INSERT INTO `score` VALUES ('36', 'C++', '88');
INSERT INTO `score` VALUES ('37', 'C++', '89');
INSERT INTO `score` VALUES ('38', 'C++', '90');
INSERT INTO `score` VALUES ('39', 'C++', '91');
INSERT INTO `score` VALUES ('40', 'C++', '92');
INSERT INTO `score` VALUES ('42', 'C++', '94');
INSERT INTO `score` VALUES ('43', 'C++', '95');
INSERT INTO `score` VALUES ('44', 'C++', '85');
INSERT INTO `score` VALUES ('45', 'C++', '86');
INSERT INTO `score` VALUES ('46', 'C++', '87');
INSERT INTO `score` VALUES ('47', 'C++', '88');
INSERT INTO `score` VALUES ('48', 'C++', '89');
INSERT INTO `score` VALUES ('49', 'C++', '90');
INSERT INTO `score` VALUES ('50', 'C++', '91');
INSERT INTO `score` VALUES ('51', 'C++', '92');
INSERT INTO `score` VALUES ('52', 'C++', '93');
INSERT INTO `score` VALUES ('53', 'C++', '94');
INSERT INTO `score` VALUES ('54', 'C++', '95');
INSERT INTO `score` VALUES ('55', 'C++', '85');
INSERT INTO `score` VALUES ('56', 'C++', '86');
INSERT INTO `score` VALUES ('57', 'C++', '87');
INSERT INTO `score` VALUES ('58', 'C++', '88');
INSERT INTO `score` VALUES ('59', 'C++', '89');
INSERT INTO `score` VALUES ('60', 'C++', '90');
INSERT INTO `score` VALUES ('61', 'C++', '91');
INSERT INTO `score` VALUES ('62', 'C++', '92');
INSERT INTO `score` VALUES ('63', 'C++', '93');
INSERT INTO `score` VALUES ('64', 'C++', '94');
INSERT INTO `score` VALUES ('65', 'C++', '95');
INSERT INTO `score` VALUES ('66', 'C++', '85');
INSERT INTO `score` VALUES ('67', 'C++', '86');
INSERT INTO `score` VALUES ('68', 'C++', '87');
INSERT INTO `score` VALUES ('69', 'C++', '88');
INSERT INTO `score` VALUES ('70', 'C++', '89');
INSERT INTO `score` VALUES ('71', 'C++', '90');
INSERT INTO `score` VALUES ('72', 'C++', '91');
INSERT INTO `score` VALUES ('73', 'C++', '92');
INSERT INTO `score` VALUES ('74', 'C++', '93');
INSERT INTO `score` VALUES ('75', 'C++', '94');
INSERT INTO `score` VALUES ('76', 'C++', '95');
INSERT INTO `score` VALUES ('77', 'C++', '85');
INSERT INTO `score` VALUES ('78', 'C++', '86');
INSERT INTO `score` VALUES ('79', 'C++', '87');
INSERT INTO `score` VALUES ('80', 'C++', '88');
INSERT INTO `score` VALUES ('81', 'C++', '89');
INSERT INTO `score` VALUES ('82', 'C++', '90');
INSERT INTO `score` VALUES ('83', 'C++', '91');
INSERT INTO `score` VALUES ('84', 'C++', '92');
INSERT INTO `score` VALUES ('85', 'C++', '93');
INSERT INTO `score` VALUES ('86', 'C++', '94');
INSERT INTO `score` VALUES ('87', 'C++', '95');
INSERT INTO `score` VALUES ('88', 'C++', '85');
INSERT INTO `score` VALUES ('89', 'C++', '86');
INSERT INTO `score` VALUES ('90', 'C++', '87');
INSERT INTO `score` VALUES ('91', 'C++', '88');
INSERT INTO `score` VALUES ('92', 'C++', '89');
INSERT INTO `score` VALUES ('93', 'C++', '90');
INSERT INTO `score` VALUES ('94', 'C++', '91');
INSERT INTO `score` VALUES ('95', 'C++', '92');
INSERT INTO `score` VALUES ('96', 'C++', '93');
INSERT INTO `score` VALUES ('97', 'C++', '94');
INSERT INTO `score` VALUES ('98', 'C++', '95');
INSERT INTO `score` VALUES ('99', 'C++', '85');
INSERT INTO `score` VALUES ('100', 'C++', '86');
INSERT INTO `score` VALUES ('101', 'C++', '87');
INSERT INTO `score` VALUES ('102', 'C++', '88');
INSERT INTO `score` VALUES ('103', 'C++', '89');
INSERT INTO `score` VALUES ('104', 'C++', '90');
INSERT INTO `score` VALUES ('105', 'C++', '91');
INSERT INTO `score` VALUES ('106', 'C++', '92');
INSERT INTO `score` VALUES ('107', 'C++', '93');
INSERT INTO `score` VALUES ('108', 'C++', '94');
INSERT INTO `score` VALUES ('109', 'C++', '95');
INSERT INTO `score` VALUES ('110', 'C++', '85');
INSERT INTO `score` VALUES ('111', 'C++', '86');
INSERT INTO `score` VALUES ('112', 'C++', '87');
INSERT INTO `score` VALUES ('113', 'C++', '88');
INSERT INTO `score` VALUES ('114', 'C++', '89');
INSERT INTO `score` VALUES ('115', 'C++', '90');
INSERT INTO `score` VALUES ('116', 'C++', '91');
INSERT INTO `score` VALUES ('117', 'C++', '92');
INSERT INTO `score` VALUES ('118', 'C++', '93');
INSERT INTO `score` VALUES ('119', 'C++', '94');
INSERT INTO `score` VALUES ('120', 'C++', '95');
INSERT INTO `score` VALUES ('121', 'C++', '85');
INSERT INTO `score` VALUES ('122', 'C++', '86');
INSERT INTO `score` VALUES ('123', 'C++', '87');
INSERT INTO `score` VALUES ('124', 'C++', '88');
INSERT INTO `score` VALUES ('125', 'C++', '89');
INSERT INTO `score` VALUES ('126', 'C++', '90');
INSERT INTO `score` VALUES ('127', 'C++', '91');
INSERT INTO `score` VALUES ('128', 'C++', '92');
INSERT INTO `score` VALUES ('129', 'C++', '93');
INSERT INTO `score` VALUES ('130', 'C++', '94');
INSERT INTO `score` VALUES ('131', 'C++', '95');
INSERT INTO `score` VALUES ('132', 'C++', '85');
INSERT INTO `score` VALUES ('133', 'C++', '86');
INSERT INTO `score` VALUES ('134', 'C++', '87');
INSERT INTO `score` VALUES ('135', 'C++', '88');
INSERT INTO `score` VALUES ('136', 'C++', '89');
INSERT INTO `score` VALUES ('137', 'C++', '90');
INSERT INTO `score` VALUES ('138', 'C++', '91');
INSERT INTO `score` VALUES ('139', 'C++', '92');
INSERT INTO `score` VALUES ('140', 'C++', '93');
INSERT INTO `score` VALUES ('141', 'C++', '94');
INSERT INTO `score` VALUES ('142', 'C++', '95');
INSERT INTO `score` VALUES ('143', 'C++', '85');
INSERT INTO `score` VALUES ('144', 'C++', '86');
INSERT INTO `score` VALUES ('145', 'C++', '87');
INSERT INTO `score` VALUES ('146', 'C++', '88');
INSERT INTO `score` VALUES ('147', 'C++', '89');
INSERT INTO `score` VALUES ('148', 'C++', '90');
INSERT INTO `score` VALUES ('149', 'C++', '91');
INSERT INTO `score` VALUES ('150', 'C++', '92');
INSERT INTO `score` VALUES ('3', '数字逻辑', '90');
INSERT INTO `score` VALUES ('4', '数字逻辑', '91');
INSERT INTO `score` VALUES ('5', '数字逻辑', '87');
INSERT INTO `score` VALUES ('6', '数字逻辑', '88');
INSERT INTO `score` VALUES ('7', '数字逻辑', '89');
INSERT INTO `score` VALUES ('8', '数字逻辑', '90');
INSERT INTO `score` VALUES ('9', '数字逻辑', '91');
INSERT INTO `score` VALUES ('10', '数字逻辑', '87');
INSERT INTO `score` VALUES ('11', '数字逻辑', '88');
INSERT INTO `score` VALUES ('12', '数字逻辑', '89');
INSERT INTO `score` VALUES ('13', '数字逻辑', '90');
INSERT INTO `score` VALUES ('14', '数字逻辑', '91');
INSERT INTO `score` VALUES ('15', '数字逻辑', '87');
INSERT INTO `score` VALUES ('16', '数字逻辑', '88');
INSERT INTO `score` VALUES ('17', '数字逻辑', '89');
INSERT INTO `score` VALUES ('18', '数字逻辑', '90');
INSERT INTO `score` VALUES ('19', '数字逻辑', '91');
INSERT INTO `score` VALUES ('20', '数字逻辑', '87');
INSERT INTO `score` VALUES ('21', '数字逻辑', '88');
INSERT INTO `score` VALUES ('22', '数字逻辑', '89');
INSERT INTO `score` VALUES ('23', '数字逻辑', '90');
INSERT INTO `score` VALUES ('24', '数字逻辑', '91');
INSERT INTO `score` VALUES ('25', '数字逻辑', '87');
INSERT INTO `score` VALUES ('26', '数字逻辑', '88');
INSERT INTO `score` VALUES ('27', '数字逻辑', '89');
INSERT INTO `score` VALUES ('28', '数字逻辑', '90');
INSERT INTO `score` VALUES ('29', '数字逻辑', '91');
INSERT INTO `score` VALUES ('30', '数字逻辑', '87');
INSERT INTO `score` VALUES ('31', '数字逻辑', '88');
INSERT INTO `score` VALUES ('32', '数字逻辑', '89');
INSERT INTO `score` VALUES ('33', '数字逻辑', '90');
INSERT INTO `score` VALUES ('34', '数字逻辑', '91');
INSERT INTO `score` VALUES ('35', '数字逻辑', '87');
INSERT INTO `score` VALUES ('36', '数字逻辑', '88');
INSERT INTO `score` VALUES ('37', '数字逻辑', '89');
INSERT INTO `score` VALUES ('38', '数字逻辑', '90');
INSERT INTO `score` VALUES ('39', '数字逻辑', '91');
INSERT INTO `score` VALUES ('40', '数字逻辑', '87');
INSERT INTO `score` VALUES ('42', '数字逻辑', '89');
INSERT INTO `score` VALUES ('43', '数字逻辑', '90');
INSERT INTO `score` VALUES ('44', '数字逻辑', '91');
INSERT INTO `score` VALUES ('45', '数字逻辑', '87');
INSERT INTO `score` VALUES ('46', '数字逻辑', '88');
INSERT INTO `score` VALUES ('47', '数字逻辑', '89');
INSERT INTO `score` VALUES ('48', '数字逻辑', '90');
INSERT INTO `score` VALUES ('49', '数字逻辑', '91');
INSERT INTO `score` VALUES ('50', '数字逻辑', '87');
INSERT INTO `score` VALUES ('51', '数字逻辑', '88');
INSERT INTO `score` VALUES ('52', '数字逻辑', '89');
INSERT INTO `score` VALUES ('53', '数字逻辑', '90');
INSERT INTO `score` VALUES ('54', '数字逻辑', '91');
INSERT INTO `score` VALUES ('55', '数字逻辑', '87');
INSERT INTO `score` VALUES ('56', '数字逻辑', '88');
INSERT INTO `score` VALUES ('57', '数字逻辑', '89');
INSERT INTO `score` VALUES ('58', '数字逻辑', '90');
INSERT INTO `score` VALUES ('59', '数字逻辑', '91');
INSERT INTO `score` VALUES ('60', '数字逻辑', '87');
INSERT INTO `score` VALUES ('61', '数字逻辑', '88');
INSERT INTO `score` VALUES ('62', '数字逻辑', '89');
INSERT INTO `score` VALUES ('63', '数字逻辑', '90');
INSERT INTO `score` VALUES ('64', '数字逻辑', '91');
INSERT INTO `score` VALUES ('65', '数字逻辑', '87');
INSERT INTO `score` VALUES ('66', '数字逻辑', '88');
INSERT INTO `score` VALUES ('67', '数字逻辑', '89');
INSERT INTO `score` VALUES ('68', '数字逻辑', '90');
INSERT INTO `score` VALUES ('69', '数字逻辑', '91');
INSERT INTO `score` VALUES ('70', '数字逻辑', '87');
INSERT INTO `score` VALUES ('71', '数字逻辑', '88');
INSERT INTO `score` VALUES ('72', '数字逻辑', '89');
INSERT INTO `score` VALUES ('73', '数字逻辑', '90');
INSERT INTO `score` VALUES ('74', '数字逻辑', '91');
INSERT INTO `score` VALUES ('75', '数字逻辑', '87');
INSERT INTO `score` VALUES ('76', '数字逻辑', '88');
INSERT INTO `score` VALUES ('77', '数字逻辑', '89');
INSERT INTO `score` VALUES ('78', '数字逻辑', '90');
INSERT INTO `score` VALUES ('79', '数字逻辑', '91');
INSERT INTO `score` VALUES ('80', '数字逻辑', '87');
INSERT INTO `score` VALUES ('81', '数字逻辑', '88');
INSERT INTO `score` VALUES ('82', '数字逻辑', '89');
INSERT INTO `score` VALUES ('83', '数字逻辑', '90');
INSERT INTO `score` VALUES ('84', '数字逻辑', '91');
INSERT INTO `score` VALUES ('85', '数字逻辑', '87');
INSERT INTO `score` VALUES ('86', '数字逻辑', '88');
INSERT INTO `score` VALUES ('87', '数字逻辑', '89');
INSERT INTO `score` VALUES ('88', '数字逻辑', '90');
INSERT INTO `score` VALUES ('89', '数字逻辑', '91');
INSERT INTO `score` VALUES ('90', '数字逻辑', '87');
INSERT INTO `score` VALUES ('91', '数字逻辑', '88');
INSERT INTO `score` VALUES ('92', '数字逻辑', '89');
INSERT INTO `score` VALUES ('93', '数字逻辑', '90');
INSERT INTO `score` VALUES ('94', '数字逻辑', '91');
INSERT INTO `score` VALUES ('95', '数字逻辑', '87');
INSERT INTO `score` VALUES ('96', '数字逻辑', '88');
INSERT INTO `score` VALUES ('97', '数字逻辑', '89');
INSERT INTO `score` VALUES ('98', '数字逻辑', '90');
INSERT INTO `score` VALUES ('99', '数字逻辑', '91');
INSERT INTO `score` VALUES ('100', '数字逻辑', '87');
INSERT INTO `score` VALUES ('101', '数字逻辑', '88');
INSERT INTO `score` VALUES ('102', '数字逻辑', '89');
INSERT INTO `score` VALUES ('103', '数字逻辑', '90');
INSERT INTO `score` VALUES ('104', '数字逻辑', '91');
INSERT INTO `score` VALUES ('105', '数字逻辑', '87');
INSERT INTO `score` VALUES ('106', '数字逻辑', '88');
INSERT INTO `score` VALUES ('107', '数字逻辑', '89');
INSERT INTO `score` VALUES ('108', '数字逻辑', '90');
INSERT INTO `score` VALUES ('109', '数字逻辑', '91');
INSERT INTO `score` VALUES ('110', '数字逻辑', '87');
INSERT INTO `score` VALUES ('111', '数字逻辑', '88');
INSERT INTO `score` VALUES ('112', '数字逻辑', '89');
INSERT INTO `score` VALUES ('113', '数字逻辑', '90');
INSERT INTO `score` VALUES ('114', '数字逻辑', '91');
INSERT INTO `score` VALUES ('115', '数字逻辑', '87');
INSERT INTO `score` VALUES ('116', '数字逻辑', '88');
INSERT INTO `score` VALUES ('117', '数字逻辑', '89');
INSERT INTO `score` VALUES ('118', '数字逻辑', '90');
INSERT INTO `score` VALUES ('119', '数字逻辑', '91');
INSERT INTO `score` VALUES ('120', '数字逻辑', '87');
INSERT INTO `score` VALUES ('121', '数字逻辑', '88');
INSERT INTO `score` VALUES ('122', '数字逻辑', '89');
INSERT INTO `score` VALUES ('123', '数字逻辑', '90');
INSERT INTO `score` VALUES ('124', '数字逻辑', '91');
INSERT INTO `score` VALUES ('125', '数字逻辑', '87');
INSERT INTO `score` VALUES ('126', '数字逻辑', '88');
INSERT INTO `score` VALUES ('127', '数字逻辑', '89');
INSERT INTO `score` VALUES ('128', '数字逻辑', '90');
INSERT INTO `score` VALUES ('129', '数字逻辑', '91');
INSERT INTO `score` VALUES ('130', '数字逻辑', '87');
INSERT INTO `score` VALUES ('131', '数字逻辑', '88');
INSERT INTO `score` VALUES ('132', '数字逻辑', '89');
INSERT INTO `score` VALUES ('133', '数字逻辑', '90');
INSERT INTO `score` VALUES ('134', '数字逻辑', '91');
INSERT INTO `score` VALUES ('135', '数字逻辑', '87');
INSERT INTO `score` VALUES ('136', '数字逻辑', '88');
INSERT INTO `score` VALUES ('137', '数字逻辑', '89');
INSERT INTO `score` VALUES ('138', '数字逻辑', '90');
INSERT INTO `score` VALUES ('139', '数字逻辑', '91');
INSERT INTO `score` VALUES ('140', '数字逻辑', '87');
INSERT INTO `score` VALUES ('141', '数字逻辑', '88');
INSERT INTO `score` VALUES ('142', '数字逻辑', '89');
INSERT INTO `score` VALUES ('143', '数字逻辑', '90');
INSERT INTO `score` VALUES ('144', '数字逻辑', '91');
INSERT INTO `score` VALUES ('145', '数字逻辑', '87');
INSERT INTO `score` VALUES ('146', '数字逻辑', '88');
INSERT INTO `score` VALUES ('147', '数字逻辑', '89');
INSERT INTO `score` VALUES ('148', '数字逻辑', '90');
INSERT INTO `score` VALUES ('149', '数字逻辑', '91');
INSERT INTO `score` VALUES ('150', '数字逻辑', '87');
INSERT INTO `score` VALUES ('3', '数据库', '93');
INSERT INTO `score` VALUES ('4', '数据库', '94');
INSERT INTO `score` VALUES ('5', '数据库', '95');
INSERT INTO `score` VALUES ('6', '数据库', '96');
INSERT INTO `score` VALUES ('7', '数据库', '90');
INSERT INTO `score` VALUES ('8', '数据库', '91');
INSERT INTO `score` VALUES ('9', '数据库', '92');
INSERT INTO `score` VALUES ('10', '数据库', '93');
INSERT INTO `score` VALUES ('11', '数据库', '94');
INSERT INTO `score` VALUES ('12', '数据库', '95');
INSERT INTO `score` VALUES ('13', '数据库', '96');
INSERT INTO `score` VALUES ('14', '数据库', '90');
INSERT INTO `score` VALUES ('15', '数据库', '91');
INSERT INTO `score` VALUES ('16', '数据库', '92');
INSERT INTO `score` VALUES ('17', '数据库', '93');
INSERT INTO `score` VALUES ('18', '数据库', '94');
INSERT INTO `score` VALUES ('19', '数据库', '95');
INSERT INTO `score` VALUES ('20', '数据库', '96');
INSERT INTO `score` VALUES ('21', '数据库', '90');
INSERT INTO `score` VALUES ('22', '数据库', '91');
INSERT INTO `score` VALUES ('23', '数据库', '92');
INSERT INTO `score` VALUES ('24', '数据库', '93');
INSERT INTO `score` VALUES ('25', '数据库', '94');
INSERT INTO `score` VALUES ('26', '数据库', '95');
INSERT INTO `score` VALUES ('27', '数据库', '96');
INSERT INTO `score` VALUES ('28', '数据库', '90');
INSERT INTO `score` VALUES ('29', '数据库', '91');
INSERT INTO `score` VALUES ('30', '数据库', '92');
INSERT INTO `score` VALUES ('31', '数据库', '93');
INSERT INTO `score` VALUES ('32', '数据库', '94');
INSERT INTO `score` VALUES ('33', '数据库', '95');
INSERT INTO `score` VALUES ('34', '数据库', '96');
INSERT INTO `score` VALUES ('35', '数据库', '90');
INSERT INTO `score` VALUES ('36', '数据库', '91');
INSERT INTO `score` VALUES ('37', '数据库', '92');
INSERT INTO `score` VALUES ('38', '数据库', '93');
INSERT INTO `score` VALUES ('39', '数据库', '94');
INSERT INTO `score` VALUES ('40', '数据库', '95');
INSERT INTO `score` VALUES ('42', '数据库', '90');
INSERT INTO `score` VALUES ('43', '数据库', '91');
INSERT INTO `score` VALUES ('44', '数据库', '92');
INSERT INTO `score` VALUES ('45', '数据库', '93');
INSERT INTO `score` VALUES ('46', '数据库', '94');
INSERT INTO `score` VALUES ('47', '数据库', '95');
INSERT INTO `score` VALUES ('48', '数据库', '96');
INSERT INTO `score` VALUES ('49', '数据库', '90');
INSERT INTO `score` VALUES ('50', '数据库', '91');
INSERT INTO `score` VALUES ('51', '数据库', '92');
INSERT INTO `score` VALUES ('52', '数据库', '93');
INSERT INTO `score` VALUES ('53', '数据库', '94');
INSERT INTO `score` VALUES ('54', '数据库', '95');
INSERT INTO `score` VALUES ('55', '数据库', '96');
INSERT INTO `score` VALUES ('56', '数据库', '90');
INSERT INTO `score` VALUES ('57', '数据库', '91');
INSERT INTO `score` VALUES ('58', '数据库', '92');
INSERT INTO `score` VALUES ('59', '数据库', '93');
INSERT INTO `score` VALUES ('60', '数据库', '94');
INSERT INTO `score` VALUES ('61', '数据库', '95');
INSERT INTO `score` VALUES ('62', '数据库', '96');
INSERT INTO `score` VALUES ('63', '数据库', '90');
INSERT INTO `score` VALUES ('64', '数据库', '91');
INSERT INTO `score` VALUES ('65', '数据库', '92');
INSERT INTO `score` VALUES ('66', '数据库', '93');
INSERT INTO `score` VALUES ('67', '数据库', '94');
INSERT INTO `score` VALUES ('68', '数据库', '95');
INSERT INTO `score` VALUES ('69', '数据库', '96');
INSERT INTO `score` VALUES ('70', '数据库', '90');
INSERT INTO `score` VALUES ('71', '数据库', '91');
INSERT INTO `score` VALUES ('72', '数据库', '92');
INSERT INTO `score` VALUES ('73', '数据库', '93');
INSERT INTO `score` VALUES ('74', '数据库', '94');
INSERT INTO `score` VALUES ('75', '数据库', '95');
INSERT INTO `score` VALUES ('76', '数据库', '96');
INSERT INTO `score` VALUES ('77', '数据库', '90');
INSERT INTO `score` VALUES ('78', '数据库', '91');
INSERT INTO `score` VALUES ('79', '数据库', '92');
INSERT INTO `score` VALUES ('80', '数据库', '93');
INSERT INTO `score` VALUES ('81', '数据库', '94');
INSERT INTO `score` VALUES ('82', '数据库', '95');
INSERT INTO `score` VALUES ('83', '数据库', '96');
INSERT INTO `score` VALUES ('84', '数据库', '90');
INSERT INTO `score` VALUES ('85', '数据库', '91');
INSERT INTO `score` VALUES ('86', '数据库', '92');
INSERT INTO `score` VALUES ('87', '数据库', '93');
INSERT INTO `score` VALUES ('88', '数据库', '94');
INSERT INTO `score` VALUES ('89', '数据库', '95');
INSERT INTO `score` VALUES ('90', '数据库', '96');
INSERT INTO `score` VALUES ('91', '数据库', '90');
INSERT INTO `score` VALUES ('92', '数据库', '91');
INSERT INTO `score` VALUES ('93', '数据库', '92');
INSERT INTO `score` VALUES ('94', '数据库', '93');
INSERT INTO `score` VALUES ('95', '数据库', '94');
INSERT INTO `score` VALUES ('96', '数据库', '95');
INSERT INTO `score` VALUES ('97', '数据库', '96');
INSERT INTO `score` VALUES ('98', '数据库', '90');
INSERT INTO `score` VALUES ('99', '数据库', '91');
INSERT INTO `score` VALUES ('100', '数据库', '92');
INSERT INTO `score` VALUES ('101', '数据库', '93');
INSERT INTO `score` VALUES ('102', '数据库', '94');
INSERT INTO `score` VALUES ('103', '数据库', '95');
INSERT INTO `score` VALUES ('104', '数据库', '96');
INSERT INTO `score` VALUES ('105', '数据库', '90');
INSERT INTO `score` VALUES ('106', '数据库', '91');
INSERT INTO `score` VALUES ('107', '数据库', '92');
INSERT INTO `score` VALUES ('108', '数据库', '93');
INSERT INTO `score` VALUES ('109', '数据库', '94');
INSERT INTO `score` VALUES ('110', '数据库', '95');
INSERT INTO `score` VALUES ('111', '数据库', '96');
INSERT INTO `score` VALUES ('112', '数据库', '90');
INSERT INTO `score` VALUES ('113', '数据库', '91');
INSERT INTO `score` VALUES ('114', '数据库', '92');
INSERT INTO `score` VALUES ('115', '数据库', '93');
INSERT INTO `score` VALUES ('116', '数据库', '94');
INSERT INTO `score` VALUES ('117', '数据库', '95');
INSERT INTO `score` VALUES ('118', '数据库', '96');
INSERT INTO `score` VALUES ('119', '数据库', '90');
INSERT INTO `score` VALUES ('120', '数据库', '91');
INSERT INTO `score` VALUES ('121', '数据库', '92');
INSERT INTO `score` VALUES ('122', '数据库', '93');
INSERT INTO `score` VALUES ('123', '数据库', '94');
INSERT INTO `score` VALUES ('124', '数据库', '95');
INSERT INTO `score` VALUES ('125', '数据库', '96');
INSERT INTO `score` VALUES ('126', '数据库', '90');
INSERT INTO `score` VALUES ('127', '数据库', '91');
INSERT INTO `score` VALUES ('128', '数据库', '92');
INSERT INTO `score` VALUES ('129', '数据库', '93');
INSERT INTO `score` VALUES ('130', '数据库', '94');
INSERT INTO `score` VALUES ('131', '数据库', '95');
INSERT INTO `score` VALUES ('132', '数据库', '96');
INSERT INTO `score` VALUES ('133', '数据库', '90');
INSERT INTO `score` VALUES ('134', '数据库', '91');
INSERT INTO `score` VALUES ('135', '数据库', '92');
INSERT INTO `score` VALUES ('136', '数据库', '93');
INSERT INTO `score` VALUES ('137', '数据库', '94');
INSERT INTO `score` VALUES ('138', '数据库', '95');
INSERT INTO `score` VALUES ('139', '数据库', '96');
INSERT INTO `score` VALUES ('140', '数据库', '90');
INSERT INTO `score` VALUES ('141', '数据库', '91');
INSERT INTO `score` VALUES ('142', '数据库', '92');
INSERT INTO `score` VALUES ('143', '数据库', '93');
INSERT INTO `score` VALUES ('144', '数据库', '94');
INSERT INTO `score` VALUES ('145', '数据库', '95');
INSERT INTO `score` VALUES ('146', '数据库', '96');
INSERT INTO `score` VALUES ('147', '数据库', '90');
INSERT INTO `score` VALUES ('148', '数据库', '91');
INSERT INTO `score` VALUES ('149', '数据库', '92');
INSERT INTO `score` VALUES ('150', '数据库', '93');
INSERT INTO `score` VALUES ('3', '算法导论', '85');
INSERT INTO `score` VALUES ('4', '算法导论', '86');
INSERT INTO `score` VALUES ('5', '算法导论', '87');
INSERT INTO `score` VALUES ('6', '算法导论', '88');
INSERT INTO `score` VALUES ('7', '算法导论', '89');
INSERT INTO `score` VALUES ('8', '算法导论', '90');
INSERT INTO `score` VALUES ('9', '算法导论', '91');
INSERT INTO `score` VALUES ('10', '算法导论', '92');
INSERT INTO `score` VALUES ('11', '算法导论', '93');
INSERT INTO `score` VALUES ('12', '算法导论', '82');
INSERT INTO `score` VALUES ('13', '算法导论', '83');
INSERT INTO `score` VALUES ('14', '算法导论', '84');
INSERT INTO `score` VALUES ('15', '算法导论', '85');
INSERT INTO `score` VALUES ('16', '算法导论', '86');
INSERT INTO `score` VALUES ('17', '算法导论', '87');
INSERT INTO `score` VALUES ('18', '算法导论', '88');
INSERT INTO `score` VALUES ('19', '算法导论', '89');
INSERT INTO `score` VALUES ('20', '算法导论', '90');
INSERT INTO `score` VALUES ('21', '算法导论', '91');
INSERT INTO `score` VALUES ('22', '算法导论', '92');
INSERT INTO `score` VALUES ('23', '算法导论', '93');
INSERT INTO `score` VALUES ('24', '算法导论', '82');
INSERT INTO `score` VALUES ('25', '算法导论', '83');
INSERT INTO `score` VALUES ('26', '算法导论', '84');
INSERT INTO `score` VALUES ('27', '算法导论', '85');
INSERT INTO `score` VALUES ('28', '算法导论', '86');
INSERT INTO `score` VALUES ('29', '算法导论', '87');
INSERT INTO `score` VALUES ('30', '算法导论', '88');
INSERT INTO `score` VALUES ('31', '算法导论', '89');
INSERT INTO `score` VALUES ('32', '算法导论', '90');
INSERT INTO `score` VALUES ('33', '算法导论', '91');
INSERT INTO `score` VALUES ('34', '算法导论', '92');
INSERT INTO `score` VALUES ('35', '算法导论', '93');
INSERT INTO `score` VALUES ('36', '算法导论', '82');
INSERT INTO `score` VALUES ('37', '算法导论', '83');
INSERT INTO `score` VALUES ('38', '算法导论', '84');
INSERT INTO `score` VALUES ('39', '算法导论', '85');
INSERT INTO `score` VALUES ('40', '算法导论', '86');
INSERT INTO `score` VALUES ('42', '算法导论', '88');
INSERT INTO `score` VALUES ('43', '算法导论', '89');
INSERT INTO `score` VALUES ('44', '算法导论', '90');
INSERT INTO `score` VALUES ('45', '算法导论', '91');
INSERT INTO `score` VALUES ('46', '算法导论', '92');
INSERT INTO `score` VALUES ('47', '算法导论', '93');
INSERT INTO `score` VALUES ('48', '算法导论', '82');
INSERT INTO `score` VALUES ('49', '算法导论', '83');
INSERT INTO `score` VALUES ('50', '算法导论', '84');
INSERT INTO `score` VALUES ('51', '算法导论', '85');
INSERT INTO `score` VALUES ('52', '算法导论', '86');
INSERT INTO `score` VALUES ('53', '算法导论', '87');
INSERT INTO `score` VALUES ('54', '算法导论', '88');
INSERT INTO `score` VALUES ('55', '算法导论', '89');
INSERT INTO `score` VALUES ('56', '算法导论', '90');
INSERT INTO `score` VALUES ('57', '算法导论', '91');
INSERT INTO `score` VALUES ('58', '算法导论', '92');
INSERT INTO `score` VALUES ('59', '算法导论', '93');
INSERT INTO `score` VALUES ('60', '算法导论', '82');
INSERT INTO `score` VALUES ('61', '算法导论', '83');
INSERT INTO `score` VALUES ('62', '算法导论', '84');
INSERT INTO `score` VALUES ('63', '算法导论', '85');
INSERT INTO `score` VALUES ('64', '算法导论', '86');
INSERT INTO `score` VALUES ('65', '算法导论', '87');
INSERT INTO `score` VALUES ('66', '算法导论', '88');
INSERT INTO `score` VALUES ('67', '算法导论', '89');
INSERT INTO `score` VALUES ('68', '算法导论', '90');
INSERT INTO `score` VALUES ('69', '算法导论', '91');
INSERT INTO `score` VALUES ('70', '算法导论', '92');
INSERT INTO `score` VALUES ('71', '算法导论', '93');
INSERT INTO `score` VALUES ('72', '算法导论', '82');
INSERT INTO `score` VALUES ('73', '算法导论', '83');
INSERT INTO `score` VALUES ('74', '算法导论', '84');
INSERT INTO `score` VALUES ('75', '算法导论', '85');
INSERT INTO `score` VALUES ('76', '算法导论', '86');
INSERT INTO `score` VALUES ('77', '算法导论', '87');
INSERT INTO `score` VALUES ('78', '算法导论', '88');
INSERT INTO `score` VALUES ('79', '算法导论', '89');
INSERT INTO `score` VALUES ('80', '算法导论', '90');
INSERT INTO `score` VALUES ('81', '算法导论', '91');
INSERT INTO `score` VALUES ('82', '算法导论', '92');
INSERT INTO `score` VALUES ('83', '算法导论', '93');
INSERT INTO `score` VALUES ('84', '算法导论', '82');
INSERT INTO `score` VALUES ('85', '算法导论', '83');
INSERT INTO `score` VALUES ('86', '算法导论', '84');
INSERT INTO `score` VALUES ('87', '算法导论', '85');
INSERT INTO `score` VALUES ('88', '算法导论', '86');
INSERT INTO `score` VALUES ('89', '算法导论', '87');
INSERT INTO `score` VALUES ('90', '算法导论', '88');
INSERT INTO `score` VALUES ('91', '算法导论', '89');
INSERT INTO `score` VALUES ('92', '算法导论', '90');
INSERT INTO `score` VALUES ('93', '算法导论', '91');
INSERT INTO `score` VALUES ('94', '算法导论', '92');
INSERT INTO `score` VALUES ('95', '算法导论', '93');
INSERT INTO `score` VALUES ('96', '算法导论', '82');
INSERT INTO `score` VALUES ('97', '算法导论', '83');
INSERT INTO `score` VALUES ('98', '算法导论', '84');
INSERT INTO `score` VALUES ('99', '算法导论', '85');
INSERT INTO `score` VALUES ('100', '算法导论', '86');
INSERT INTO `score` VALUES ('101', '算法导论', '87');
INSERT INTO `score` VALUES ('102', '算法导论', '88');
INSERT INTO `score` VALUES ('103', '算法导论', '89');
INSERT INTO `score` VALUES ('104', '算法导论', '90');
INSERT INTO `score` VALUES ('105', '算法导论', '91');
INSERT INTO `score` VALUES ('106', '算法导论', '92');
INSERT INTO `score` VALUES ('107', '算法导论', '93');
INSERT INTO `score` VALUES ('108', '算法导论', '82');
INSERT INTO `score` VALUES ('109', '算法导论', '83');
INSERT INTO `score` VALUES ('110', '算法导论', '84');
INSERT INTO `score` VALUES ('111', '算法导论', '85');
INSERT INTO `score` VALUES ('112', '算法导论', '86');
INSERT INTO `score` VALUES ('113', '算法导论', '87');
INSERT INTO `score` VALUES ('114', '算法导论', '88');
INSERT INTO `score` VALUES ('115', '算法导论', '89');
INSERT INTO `score` VALUES ('116', '算法导论', '90');
INSERT INTO `score` VALUES ('117', '算法导论', '91');
INSERT INTO `score` VALUES ('118', '算法导论', '92');
INSERT INTO `score` VALUES ('119', '算法导论', '93');
INSERT INTO `score` VALUES ('120', '算法导论', '82');
INSERT INTO `score` VALUES ('121', '算法导论', '83');
INSERT INTO `score` VALUES ('122', '算法导论', '84');
INSERT INTO `score` VALUES ('123', '算法导论', '85');
INSERT INTO `score` VALUES ('124', '算法导论', '86');
INSERT INTO `score` VALUES ('125', '算法导论', '87');
INSERT INTO `score` VALUES ('126', '算法导论', '88');
INSERT INTO `score` VALUES ('127', '算法导论', '89');
INSERT INTO `score` VALUES ('128', '算法导论', '90');
INSERT INTO `score` VALUES ('129', '算法导论', '91');
INSERT INTO `score` VALUES ('130', '算法导论', '92');
INSERT INTO `score` VALUES ('131', '算法导论', '93');
INSERT INTO `score` VALUES ('132', '算法导论', '82');
INSERT INTO `score` VALUES ('133', '算法导论', '83');
INSERT INTO `score` VALUES ('134', '算法导论', '84');
INSERT INTO `score` VALUES ('135', '算法导论', '85');
INSERT INTO `score` VALUES ('136', '算法导论', '86');
INSERT INTO `score` VALUES ('137', '算法导论', '87');
INSERT INTO `score` VALUES ('138', '算法导论', '88');
INSERT INTO `score` VALUES ('139', '算法导论', '89');
INSERT INTO `score` VALUES ('140', '算法导论', '90');
INSERT INTO `score` VALUES ('141', '算法导论', '91');
INSERT INTO `score` VALUES ('142', '算法导论', '92');
INSERT INTO `score` VALUES ('143', '算法导论', '93');
INSERT INTO `score` VALUES ('144', '算法导论', '82');
INSERT INTO `score` VALUES ('145', '算法导论', '83');
INSERT INTO `score` VALUES ('146', '算法导论', '84');
INSERT INTO `score` VALUES ('147', '算法导论', '85');
INSERT INTO `score` VALUES ('148', '算法导论', '86');
INSERT INTO `score` VALUES ('149', '算法导论', '87');
INSERT INTO `score` VALUES ('150', '算法导论', '88');
INSERT INTO `score` VALUES ('3', '高数', '92');
INSERT INTO `score` VALUES ('4', '高数', '93');
INSERT INTO `score` VALUES ('5', '高数', '94');
INSERT INTO `score` VALUES ('6', '高数', '95');
INSERT INTO `score` VALUES ('7', '高数', '96');
INSERT INTO `score` VALUES ('8', '高数', '89');
INSERT INTO `score` VALUES ('9', '高数', '90');
INSERT INTO `score` VALUES ('10', '高数', '91');
INSERT INTO `score` VALUES ('11', '高数', '92');
INSERT INTO `score` VALUES ('12', '高数', '93');
INSERT INTO `score` VALUES ('13', '高数', '94');
INSERT INTO `score` VALUES ('14', '高数', '95');
INSERT INTO `score` VALUES ('15', '高数', '96');
INSERT INTO `score` VALUES ('16', '高数', '89');
INSERT INTO `score` VALUES ('17', '高数', '90');
INSERT INTO `score` VALUES ('18', '高数', '91');
INSERT INTO `score` VALUES ('19', '高数', '92');
INSERT INTO `score` VALUES ('20', '高数', '93');
INSERT INTO `score` VALUES ('21', '高数', '94');
INSERT INTO `score` VALUES ('22', '高数', '95');
INSERT INTO `score` VALUES ('23', '高数', '96');
INSERT INTO `score` VALUES ('24', '高数', '89');
INSERT INTO `score` VALUES ('25', '高数', '90');
INSERT INTO `score` VALUES ('26', '高数', '91');
INSERT INTO `score` VALUES ('27', '高数', '92');
INSERT INTO `score` VALUES ('28', '高数', '93');
INSERT INTO `score` VALUES ('29', '高数', '94');
INSERT INTO `score` VALUES ('30', '高数', '95');
INSERT INTO `score` VALUES ('31', '高数', '96');
INSERT INTO `score` VALUES ('32', '高数', '89');
INSERT INTO `score` VALUES ('33', '高数', '90');
INSERT INTO `score` VALUES ('34', '高数', '91');
INSERT INTO `score` VALUES ('35', '高数', '92');
INSERT INTO `score` VALUES ('36', '高数', '93');
INSERT INTO `score` VALUES ('37', '高数', '94');
INSERT INTO `score` VALUES ('38', '高数', '95');
INSERT INTO `score` VALUES ('39', '高数', '96');
INSERT INTO `score` VALUES ('40', '高数', '89');
INSERT INTO `score` VALUES ('42', '高数', '91');
INSERT INTO `score` VALUES ('43', '高数', '92');
INSERT INTO `score` VALUES ('44', '高数', '93');
INSERT INTO `score` VALUES ('45', '高数', '94');
INSERT INTO `score` VALUES ('46', '高数', '95');
INSERT INTO `score` VALUES ('47', '高数', '96');
INSERT INTO `score` VALUES ('48', '高数', '89');
INSERT INTO `score` VALUES ('49', '高数', '90');
INSERT INTO `score` VALUES ('50', '高数', '91');
INSERT INTO `score` VALUES ('51', '高数', '92');
INSERT INTO `score` VALUES ('52', '高数', '93');
INSERT INTO `score` VALUES ('53', '高数', '94');
INSERT INTO `score` VALUES ('54', '高数', '95');
INSERT INTO `score` VALUES ('55', '高数', '96');
INSERT INTO `score` VALUES ('56', '高数', '89');
INSERT INTO `score` VALUES ('57', '高数', '90');
INSERT INTO `score` VALUES ('58', '高数', '91');
INSERT INTO `score` VALUES ('59', '高数', '92');
INSERT INTO `score` VALUES ('60', '高数', '93');
INSERT INTO `score` VALUES ('61', '高数', '94');
INSERT INTO `score` VALUES ('62', '高数', '95');
INSERT INTO `score` VALUES ('63', '高数', '96');
INSERT INTO `score` VALUES ('64', '高数', '89');
INSERT INTO `score` VALUES ('65', '高数', '90');
INSERT INTO `score` VALUES ('66', '高数', '91');
INSERT INTO `score` VALUES ('67', '高数', '92');
INSERT INTO `score` VALUES ('68', '高数', '93');
INSERT INTO `score` VALUES ('69', '高数', '94');
INSERT INTO `score` VALUES ('70', '高数', '95');
INSERT INTO `score` VALUES ('71', '高数', '96');
INSERT INTO `score` VALUES ('72', '高数', '89');
INSERT INTO `score` VALUES ('73', '高数', '90');
INSERT INTO `score` VALUES ('74', '高数', '91');
INSERT INTO `score` VALUES ('75', '高数', '92');
INSERT INTO `score` VALUES ('76', '高数', '93');
INSERT INTO `score` VALUES ('77', '高数', '94');
INSERT INTO `score` VALUES ('78', '高数', '95');
INSERT INTO `score` VALUES ('79', '高数', '96');
INSERT INTO `score` VALUES ('80', '高数', '89');
INSERT INTO `score` VALUES ('81', '高数', '90');
INSERT INTO `score` VALUES ('82', '高数', '91');
INSERT INTO `score` VALUES ('83', '高数', '92');
INSERT INTO `score` VALUES ('84', '高数', '93');
INSERT INTO `score` VALUES ('85', '高数', '94');
INSERT INTO `score` VALUES ('86', '高数', '95');
INSERT INTO `score` VALUES ('87', '高数', '96');
INSERT INTO `score` VALUES ('88', '高数', '89');
INSERT INTO `score` VALUES ('89', '高数', '90');
INSERT INTO `score` VALUES ('90', '高数', '91');
INSERT INTO `score` VALUES ('91', '高数', '92');
INSERT INTO `score` VALUES ('92', '高数', '93');
INSERT INTO `score` VALUES ('93', '高数', '94');
INSERT INTO `score` VALUES ('94', '高数', '95');
INSERT INTO `score` VALUES ('95', '高数', '96');
INSERT INTO `score` VALUES ('96', '高数', '89');
INSERT INTO `score` VALUES ('97', '高数', '90');
INSERT INTO `score` VALUES ('98', '高数', '91');
INSERT INTO `score` VALUES ('99', '高数', '92');
INSERT INTO `score` VALUES ('100', '高数', '93');
INSERT INTO `score` VALUES ('101', '高数', '94');
INSERT INTO `score` VALUES ('102', '高数', '95');
INSERT INTO `score` VALUES ('103', '高数', '96');
INSERT INTO `score` VALUES ('104', '高数', '89');
INSERT INTO `score` VALUES ('105', '高数', '90');
INSERT INTO `score` VALUES ('106', '高数', '91');
INSERT INTO `score` VALUES ('107', '高数', '92');
INSERT INTO `score` VALUES ('108', '高数', '93');
INSERT INTO `score` VALUES ('109', '高数', '94');
INSERT INTO `score` VALUES ('110', '高数', '95');
INSERT INTO `score` VALUES ('111', '高数', '96');
INSERT INTO `score` VALUES ('112', '高数', '89');
INSERT INTO `score` VALUES ('113', '高数', '90');
INSERT INTO `score` VALUES ('114', '高数', '91');
INSERT INTO `score` VALUES ('115', '高数', '92');
INSERT INTO `score` VALUES ('116', '高数', '93');
INSERT INTO `score` VALUES ('117', '高数', '94');
INSERT INTO `score` VALUES ('118', '高数', '95');
INSERT INTO `score` VALUES ('119', '高数', '96');
INSERT INTO `score` VALUES ('120', '高数', '89');
INSERT INTO `score` VALUES ('121', '高数', '90');
INSERT INTO `score` VALUES ('122', '高数', '91');
INSERT INTO `score` VALUES ('123', '高数', '92');
INSERT INTO `score` VALUES ('124', '高数', '93');
INSERT INTO `score` VALUES ('125', '高数', '94');
INSERT INTO `score` VALUES ('126', '高数', '95');
INSERT INTO `score` VALUES ('127', '高数', '96');
INSERT INTO `score` VALUES ('128', '高数', '89');
INSERT INTO `score` VALUES ('129', '高数', '90');
INSERT INTO `score` VALUES ('130', '高数', '91');
INSERT INTO `score` VALUES ('131', '高数', '92');
INSERT INTO `score` VALUES ('132', '高数', '93');
INSERT INTO `score` VALUES ('133', '高数', '94');
INSERT INTO `score` VALUES ('134', '高数', '95');
INSERT INTO `score` VALUES ('135', '高数', '96');
INSERT INTO `score` VALUES ('136', '高数', '89');
INSERT INTO `score` VALUES ('137', '高数', '90');
INSERT INTO `score` VALUES ('138', '高数', '91');
INSERT INTO `score` VALUES ('139', '高数', '92');
INSERT INTO `score` VALUES ('140', '高数', '93');
INSERT INTO `score` VALUES ('141', '高数', '94');
INSERT INTO `score` VALUES ('142', '高数', '95');
INSERT INTO `score` VALUES ('143', '高数', '96');
INSERT INTO `score` VALUES ('144', '高数', '89');
INSERT INTO `score` VALUES ('145', '高数', '90');
INSERT INTO `score` VALUES ('146', '高数', '91');
INSERT INTO `score` VALUES ('147', '高数', '92');
INSERT INTO `score` VALUES ('148', '高数', '93');
INSERT INTO `score` VALUES ('149', '高数', '94');
INSERT INTO `score` VALUES ('150', '高数', '95');

-- ----------------------------
-- Table structure for `student`
-- ----------------------------
DROP TABLE IF EXISTS `student`;
CREATE TABLE `student` (
  `id` int(11) NOT NULL,
  `stu_name` varchar(40) COLLATE utf8mb4_general_ci DEFAULT NULL,
  `gender` char(2) COLLATE utf8mb4_general_ci DEFAULT NULL,
  `class_name` varchar(40) COLLATE utf8mb4_general_ci DEFAULT NULL,
  `grade` int(11) DEFAULT NULL,
  PRIMARY KEY (`id`),
  KEY `class_name` (`class_name`),
  KEY `grade` (`grade`),
  CONSTRAINT `class_name` FOREIGN KEY (`class_name`) REFERENCES `class` (`class_name`),
  CONSTRAINT `grade` FOREIGN KEY (`grade`) REFERENCES `class` (`grade`)
) ENGINE=InnoDB DEFAULT CHARSET=utf8mb4 COLLATE=utf8mb4_general_ci;

-- ----------------------------
-- Records of student
-- ----------------------------
INSERT INTO `student` VALUES ('1', '姓名1', '女', '物联网', '2018');
INSERT INTO `student` VALUES ('2', '姓名2', '男', '物联网', '2018');
INSERT INTO `student` VALUES ('3', '姓名3', '男', '物联网', '2018');
INSERT INTO `student` VALUES ('4', '姓名4', '男', '物联网', '2018');
INSERT INTO `student` VALUES ('5', '姓名5', '男', '物联网', '2018');
INSERT INTO `student` VALUES ('6', '姓名6', '男', '物联网', '2018');
INSERT INTO `student` VALUES ('7', '姓名7', '男', '物联网', '2018');
INSERT INTO `student` VALUES ('8', '姓名8', '男', '物联网', '2018');
INSERT INTO `student` VALUES ('9', '姓名9', '男', '物联网', '2018');
INSERT INTO `student` VALUES ('10', '姓名10', '男', '物联网', '2018');
INSERT INTO `student` VALUES ('11', '姓名11', '男', '物联网', '2018');
INSERT INTO `student` VALUES ('12', '姓名12', '男', '物联网', '2018');
INSERT INTO `student` VALUES ('13', '姓名13', '男', '物联网', '2018');
INSERT INTO `student` VALUES ('14', '姓名14', '男', '物联网', '2018');
INSERT INTO `student` VALUES ('15', '姓名15', '男', '物联网', '2018');
INSERT INTO `student` VALUES ('16', '姓名16', '男', '物联网', '2018');
INSERT INTO `student` VALUES ('17', '姓名17', '男', '物联网', '2018');
INSERT INTO `student` VALUES ('18', '姓名18', '男', '物联网', '2018');
INSERT INTO `student` VALUES ('19', '姓名19', '男', '物联网', '2018');
INSERT INTO `student` VALUES ('20', '姓名20', '男', '物联网', '2018');
INSERT INTO `student` VALUES ('21', '姓名21', '男', '物联网', '2018');
INSERT INTO `student` VALUES ('22', '姓名22', '男', '物联网', '2018');
INSERT INTO `student` VALUES ('23', '姓名23', '男', '物联网', '2018');
INSERT INTO `student` VALUES ('24', '姓名24', '男', '物联网', '2018');
INSERT INTO `student` VALUES ('25', '姓名25', '男', '物联网', '2018');
INSERT INTO `student` VALUES ('26', '姓名26', '男', '物联网', '2018');
INSERT INTO `student` VALUES ('27', '姓名27', '男', '物联网', '2018');
INSERT INTO `student` VALUES ('28', '姓名28', '男', '物联网', '2018');
INSERT INTO `student` VALUES ('29', '姓名29', '男', '物联网', '2018');
INSERT INTO `student` VALUES ('30', '姓名30', '男', '物联网', '2018');
INSERT INTO `student` VALUES ('31', '姓名31', '男', '物联网', '2018');
INSERT INTO `student` VALUES ('32', '姓名32', '男', '物联网', '2018');
INSERT INTO `student` VALUES ('33', '姓名33', '男', '物联网', '2018');
INSERT INTO `student` VALUES ('34', '姓名34', '男', '物联网', '2018');
INSERT INTO `student` VALUES ('35', '姓名35', '男', '物联网', '2018');
INSERT INTO `student` VALUES ('36', '姓名36', '男', '物联网', '2018');
INSERT INTO `student` VALUES ('37', '姓名37', '男', '物联网', '2018');
INSERT INTO `student` VALUES ('38', '姓名38', '男', '物联网', '2018');
INSERT INTO `student` VALUES ('39', '姓名39', '男', '物联网', '2018');
INSERT INTO `student` VALUES ('40', '姓名40', '男', '物联网', '2018');
INSERT INTO `student` VALUES ('42', '姓名42', '男', '计科一班', '2018');
INSERT INTO `student` VALUES ('43', '姓名43', '男', '计科一班', '2018');
INSERT INTO `student` VALUES ('44', '姓名44', '男', '计科一班', '2018');
INSERT INTO `student` VALUES ('45', '姓名45', '男', '计科一班', '2018');
INSERT INTO `student` VALUES ('46', '姓名46', '男', '计科一班', '2018');
INSERT INTO `student` VALUES ('47', '姓名47', '男', '计科一班', '2018');
INSERT INTO `student` VALUES ('48', '姓名48', '男', '计科一班', '2018');
INSERT INTO `student` VALUES ('49', '姓名49', '男', '计科一班', '2018');
INSERT INTO `student` VALUES ('50', '姓名50', '男', '计科一班', '2018');
INSERT INTO `student` VALUES ('51', '姓名51', '男', '计科一班', '2018');
INSERT INTO `student` VALUES ('52', '姓名52', '男', '计科一班', '2018');
INSERT INTO `student` VALUES ('53', '姓名53', '男', '计科一班', '2018');
INSERT INTO `student` VALUES ('54', '姓名54', '男', '计科一班', '2018');
INSERT INTO `student` VALUES ('55', '姓名55', '男', '计科一班', '2018');
INSERT INTO `student` VALUES ('56', '姓名56', '男', '计科一班', '2018');
INSERT INTO `student` VALUES ('57', '姓名57', '男', '计科一班', '2018');
INSERT INTO `student` VALUES ('58', '姓名58', '男', '计科一班', '2018');
INSERT INTO `student` VALUES ('59', '姓名59', '男', '计科一班', '2018');
INSERT INTO `student` VALUES ('60', '姓名60', '男', '计科一班', '2018');
INSERT INTO `student` VALUES ('61', '姓名61', '男', '计科一班', '2018');
INSERT INTO `student` VALUES ('62', '姓名62', '男', '计科一班', '2018');
INSERT INTO `student` VALUES ('63', '姓名63', '男', '计科一班', '2018');
INSERT INTO `student` VALUES ('64', '姓名64', '男', '计科一班', '2018');
INSERT INTO `student` VALUES ('65', '姓名65', '男', '计科一班', '2018');
INSERT INTO `student` VALUES ('66', '姓名66', '男', '计科一班', '2018');
INSERT INTO `student` VALUES ('67', '姓名67', '男', '计科一班', '2018');
INSERT INTO `student` VALUES ('68', '姓名68', '男', '计科一班', '2018');
INSERT INTO `student` VALUES ('69', '姓名69', '男', '计科一班', '2018');
INSERT INTO `student` VALUES ('70', '姓名70', '男', '计科一班', '2018');
INSERT INTO `student` VALUES ('71', '姓名71', '男', '计科一班', '2018');
INSERT INTO `student` VALUES ('72', '姓名72', '男', '计科一班', '2018');
INSERT INTO `student` VALUES ('73', '姓名73', '男', '计科一班', '2018');
INSERT INTO `student` VALUES ('74', '姓名74', '男', '计科一班', '2018');
INSERT INTO `student` VALUES ('75', '姓名75', '男', '计科一班', '2018');
INSERT INTO `student` VALUES ('76', '姓名76', '男', '计科一班', '2018');
INSERT INTO `student` VALUES ('77', '姓名77', '男', '计科一班', '2018');
INSERT INTO `student` VALUES ('78', '姓名78', '男', '计科一班', '2018');
INSERT INTO `student` VALUES ('79', '姓名79', '男', '计科一班', '2018');
INSERT INTO `student` VALUES ('80', '姓名80', '男', '计科一班', '2018');
INSERT INTO `student` VALUES ('81', '姓名81', '男', '计科二班', '2018');
INSERT INTO `student` VALUES ('82', '姓名82', '男', '计科二班', '2018');
INSERT INTO `student` VALUES ('83', '姓名83', '男', '计科二班', '2018');
INSERT INTO `student` VALUES ('84', '姓名84', '男', '计科二班', '2018');
INSERT INTO `student` VALUES ('85', '姓名85', '男', '计科二班', '2018');
INSERT INTO `student` VALUES ('86', '姓名86', '男', '计科二班', '2018');
INSERT INTO `student` VALUES ('87', '姓名87', '男', '计科二班', '2018');
INSERT INTO `student` VALUES ('88', '姓名88', '男', '计科二班', '2018');
INSERT INTO `student` VALUES ('89', '姓名89', '男', '计科二班', '2018');
INSERT INTO `student` VALUES ('90', '姓名90', '男', '计科二班', '2018');
INSERT INTO `student` VALUES ('91', '姓名91', '男', '计科二班', '2018');
INSERT INTO `student` VALUES ('92', '姓名92', '男', '计科二班', '2018');
INSERT INTO `student` VALUES ('93', '姓名93', '男', '计科二班', '2018');
INSERT INTO `student` VALUES ('94', '姓名94', '男', '计科二班', '2018');
INSERT INTO `student` VALUES ('95', '姓名95', '男', '计科二班', '2018');
INSERT INTO `student` VALUES ('96', '姓名96', '男', '计科二班', '2018');
INSERT INTO `student` VALUES ('97', '姓名97', '男', '计科二班', '2018');
INSERT INTO `student` VALUES ('98', '姓名98', '男', '计科二班', '2018');
INSERT INTO `student` VALUES ('99', '姓名99', '男', '计科二班', '2018');
INSERT INTO `student` VALUES ('100', '姓名100', '男', '计科二班', '2018');
INSERT INTO `student` VALUES ('101', '姓名101', '男', '计科二班', '2018');
INSERT INTO `student` VALUES ('102', '姓名102', '男', '计科二班', '2018');
INSERT INTO `student` VALUES ('103', '姓名103', '男', '计科二班', '2018');
INSERT INTO `student` VALUES ('104', '姓名104', '男', '计科二班', '2018');
INSERT INTO `student` VALUES ('105', '姓名105', '男', '计科二班', '2018');
INSERT INTO `student` VALUES ('106', '姓名106', '男', '计科二班', '2018');
INSERT INTO `student` VALUES ('107', '姓名107', '男', '计科二班', '2018');
INSERT INTO `student` VALUES ('108', '姓名108', '男', '计科二班', '2018');
INSERT INTO `student` VALUES ('109', '姓名109', '男', '计科二班', '2018');
INSERT INTO `student` VALUES ('110', '姓名110', '男', '计科二班', '2018');
INSERT INTO `student` VALUES ('111', '姓名111', '男', '计科二班', '2018');
INSERT INTO `student` VALUES ('112', '姓名112', '男', '计科二班', '2018');
INSERT INTO `student` VALUES ('113', '姓名113', '男', '计科二班', '2018');
INSERT INTO `student` VALUES ('114', '姓名114', '男', '计科二班', '2018');
INSERT INTO `student` VALUES ('115', '姓名115', '男', '计科二班', '2018');
INSERT INTO `student` VALUES ('116', '姓名116', '男', '计科二班', '2018');
INSERT INTO `student` VALUES ('117', '姓名117', '男', '计科二班', '2018');
INSERT INTO `student` VALUES ('118', '姓名118', '男', '计科二班', '2018');
INSERT INTO `student` VALUES ('119', '姓名119', '男', '计科二班', '2018');
INSERT INTO `student` VALUES ('120', '姓名120', '男', '计科二班', '2018');
INSERT INTO `student` VALUES ('121', '姓名121', '男', '计科卓越班', '2018');
INSERT INTO `student` VALUES ('122', '姓名122', '男', '计科卓越班', '2018');
INSERT INTO `student` VALUES ('123', '姓名123', '男', '计科卓越班', '2018');
INSERT INTO `student` VALUES ('124', '姓名124', '男', '计科卓越班', '2018');
INSERT INTO `student` VALUES ('125', '姓名125', '男', '计科卓越班', '2018');
INSERT INTO `student` VALUES ('126', '姓名126', '男', '计科卓越班', '2018');
INSERT INTO `student` VALUES ('127', '姓名127', '男', '计科卓越班', '2018');
INSERT INTO `student` VALUES ('128', '姓名128', '男', '计科卓越班', '2018');
INSERT INTO `student` VALUES ('129', '姓名129', '男', '计科卓越班', '2018');
INSERT INTO `student` VALUES ('130', '姓名130', '男', '计科卓越班', '2018');
INSERT INTO `student` VALUES ('131', '姓名131', '男', '计科卓越班', '2018');
INSERT INTO `student` VALUES ('132', '姓名132', '男', '计科卓越班', '2018');
INSERT INTO `student` VALUES ('133', '姓名133', '男', '计科卓越班', '2018');
INSERT INTO `student` VALUES ('134', '姓名134', '男', '计科卓越班', '2018');
INSERT INTO `student` VALUES ('135', '姓名135', '男', '计科卓越班', '2018');
INSERT INTO `student` VALUES ('136', '姓名136', '男', '计科卓越班', '2018');
INSERT INTO `student` VALUES ('137', '姓名137', '男', '计科卓越班', '2018');
INSERT INTO `student` VALUES ('138', '姓名138', '男', '计科卓越班', '2018');
INSERT INTO `student` VALUES ('139', '姓名139', '男', '计科卓越班', '2018');
INSERT INTO `student` VALUES ('140', '姓名140', '男', '计科卓越班', '2018');
INSERT INTO `student` VALUES ('141', '姓名141', '男', '计科卓越班', '2018');
INSERT INTO `student` VALUES ('142', '姓名142', '男', '计科卓越班', '2018');
INSERT INTO `student` VALUES ('143', '姓名143', '男', '计科卓越班', '2018');
INSERT INTO `student` VALUES ('144', '姓名144', '男', '计科卓越班', '2018');
INSERT INTO `student` VALUES ('145', '姓名145', '男', '计科卓越班', '2018');
INSERT INTO `student` VALUES ('146', '姓名146', '男', '计科卓越班', '2018');
INSERT INTO `student` VALUES ('147', '姓名147', '男', '计科卓越班', '2018');
INSERT INTO `student` VALUES ('148', '姓名148', '男', '计科卓越班', '2018');
INSERT INTO `student` VALUES ('149', '姓名149', '男', '计科卓越班', '2018');
INSERT INTO `student` VALUES ('150', '姓名150', '男', '计科卓越班', '2018');

-- ----------------------------
-- View structure for `courseview`
-- ----------------------------
DROP VIEW IF EXISTS `courseview`;
CREATE ALGORITHM=UNDEFINED DEFINER=`root`@`localhost` SQL SECURITY DEFINER VIEW `courseview` AS select `student`.`id` AS `id`,`student`.`stu_name` AS `stu_name`,`score`.`score` AS `score`,`course`.`course_name` AS `course_name` from ((`course` join `score`) join `student`) where ((`student`.`id` = `score`.`student_id`) and (`score`.`course_name` = `course`.`course_name`)) ;

-- ----------------------------
-- View structure for `scoreview`
-- ----------------------------
DROP VIEW IF EXISTS `scoreview`;
CREATE ALGORITHM=UNDEFINED DEFINER=`root`@`localhost` SQL SECURITY DEFINER VIEW `scoreview` AS select `student`.`id` AS `id`,`course`.`course_name` AS `course_name`,`score`.`score` AS `score` from ((`student` join `course`) join `score`) where ((`score`.`student_id` = `student`.`id`) and (`course`.`course_name` = `score`.`course_name`)) ;

-- ----------------------------
-- Procedure structure for `updatestudent`
-- ----------------------------
DROP PROCEDURE IF EXISTS `updatestudent`;
DELIMITER ;;
CREATE DEFINER=`root`@`localhost` PROCEDURE `updatestudent`(IN `id_` int,IN `class_name_` varchar(30),IN `grade_` int)
BEGIN
	#	#Routine body goes here...
	DECLARE old_classname VARCHAR(30);
	DECLARE new_classname VARCHAR(30);
	DECLARE old_grade INT;
	DECLARE new_grade INT;
	SET old_classname=(select class_name from student WHERE id= id_);
	SET old_grade=(select grade from student WHERE id= id_);
	SET new_classname= class_name_;
	SET new_grade= grade_;
	#SELECT class_name from class where class_name=class_name_;
	#SELECT grade from class where grade=grade_;
	if !STRCMP(old_classname,new_classname)=0 then
			#BEGIN
				update student set class_name=new_classname WHERE id =id_;
				update student set grade =new_grade WHERE id =id_;
				update class set amount=amount-1 where class_name=old_classname;
				update class set amount=amount+1 where class_name=new_classname;
			#END
	END IF;
END
;;
DELIMITER ;
DROP TRIGGER IF EXISTS `insertstudent`;
DELIMITER ;;
CREATE TRIGGER `insertstudent` AFTER INSERT ON `student` FOR EACH ROW BEGIN
update class set amount=amount+1 where class_name=new.class_name;
END
;;
DELIMITER ;
DROP TRIGGER IF EXISTS `deletestudent`;
DELIMITER ;;
CREATE TRIGGER `deletestudent` AFTER DELETE ON `student` FOR EACH ROW BEGIN
update class set amount=amount-1 where class_name=old.class_name;
END
;;
DELIMITER ;
